URL,DoFollow Link
https://lithiumagazine.com/2020/08/29/streetwear-and-its-roots-in-black-culture/,https://lithiumagazine.com/2020/08/29/streetwear-and-its-roots-in-black-culture/#comment-70
https://lithiumagazine.com/2020/08/29/streetwear-and-its-roots-in-black-culture/,https://lithiumagazine.com/2020/08/29/streetwear-and-its-roots-in-black-culture/#comment-71
https://lithiumagazine.com/2020/08/29/streetwear-and-its-roots-in-black-culture/,https://lithiumagazine.com/2020/08/29/streetwear-and-its-roots-in-black-culture/#comment-73
https://lithiumagazine.com/2020/08/29/streetwear-and-its-roots-in-black-culture/,https://lithiumagazine.com/2020/08/29/streetwear-and-its-roots-in-black-culture/#comment-79
https://lithiumagazine.com/2020/08/29/streetwear-and-its-roots-in-black-culture/,https://lithiumagazine.com/2020/08/29/streetwear-and-its-roots-in-black-culture/#comment-124
https://www.tchwr.com/2021/01/17/athleisure-giant-or-techwear-pioneer-lululemon-is-both/,https://www.tchwr.com/2021/06/21/summertime-sadness-dyc-team-see-through-trench-coat-reviewed/
https://www.tchwr.com/2021/01/17/athleisure-giant-or-techwear-pioneer-lululemon-is-both/,https://www.tchwr.com/2021/05/23/the-techwear-miniskirt-enfin-leves-bildu-skirt-reviewed/
https://www.tchwr.com/2021/01/17/athleisure-giant-or-techwear-pioneer-lululemon-is-both/,https://www.tchwr.com/2021/04/07/hamcus-ss21-fantasy-and-power/
https://www.tchwr.com/2021/01/17/athleisure-giant-or-techwear-pioneer-lululemon-is-both/,https://www.tchwr.com/2021/03/21/smooth-transitions-salomon-xa-alpine-2-advanced-review/
https://www.tchwr.com/2021/01/17/athleisure-giant-or-techwear-pioneer-lululemon-is-both/,https://www.tchwr.com/2021/03/16/avant-garde-evolved-techwears-debt-to-the-mother-of-destruction/
https://www.tchwr.com/2021/01/17/athleisure-giant-or-techwear-pioneer-lululemon-is-both/,https://www.tchwr.com/2021/02/24/naturally-supermodern-the-powerful-properties-of-wool/
https://www.tchwr.com/2021/01/17/athleisure-giant-or-techwear-pioneer-lululemon-is-both/,https://www.tchwr.com/2021/02/16/elegantly-repellent-nexural-fusion-pants-review/
https://www.tchwr.com/2021/01/17/athleisure-giant-or-techwear-pioneer-lululemon-is-both/,https://www.tchwr.com/2021/02/11/speculative-surplus-a-uniform-of-one/
https://danbooru.donmai.us/posts?tags=techwear,/posts
https://danbooru.donmai.us/posts?tags=techwear,/comments
https://danbooru.donmai.us/posts?tags=techwear,/wiki_pages/help:blacklists
https://danbooru.donmai.us/posts?tags=techwear,#
https://danbooru.donmai.us/posts?tags=techwear,#
https://danbooru.donmai.us/posts?tags=techwear,/wiki_pages/techwear?z=2
https://danbooru.donmai.us/posts?tags=techwear,/posts?tags=techwear&z=2
https://danbooru.donmai.us/posts?tags=techwear,/wiki_pages/sideways_(transformers)?z=2
https://danbooru.donmai.us/posts?tags=techwear,/posts?tags=sideways_%28transformers%29&z=2
https://danbooru.donmai.us/posts?tags=techwear,/wiki_pages/robotic_ballistic_shield?z=2
https://danbooru.donmai.us/posts?tags=techwear,/posts?tags=robotic_ballistic_shield&z=2
https://danbooru.donmai.us/posts?tags=techwear,/wiki_pages/neon_girl_(ohisashiburi)?z=2
https://danbooru.donmai.us/posts?tags=techwear,/posts?tags=neon_girl_%28ohisashiburi%29&z=2
https://danbooru.donmai.us/posts?tags=techwear,/wiki_pages/milk_(nikke)?z=2
https://danbooru.donmai.us/posts?tags=techwear,/posts?tags=milk_%28nikke%29&z=2
https://danbooru.donmai.us/posts?tags=techwear,/wiki_pages/transformers_cybertron?z=2
https://danbooru.donmai.us/posts?tags=techwear,/posts?tags=transformers_cybertron&z=2
https://danbooru.donmai.us/posts?tags=techwear,/artists/show_or_new?name=eto_sister&z=2
https://danbooru.donmai.us/posts?tags=techwear,/posts?tags=eto_sister&z=2
https://danbooru.donmai.us/posts?tags=techwear,/artists/show_or_new?name=hironii_%28hirofactory%29&z=2
https://danbooru.donmai.us/posts?tags=techwear,/posts?tags=hironii_%28hirofactory%29&z=2
https://danbooru.donmai.us/posts?tags=techwear,/artists/show_or_new?name=bechu&z=2
https://danbooru.donmai.us/posts?tags=techwear,/posts?tags=bechu&z=2
https://danbooru.donmai.us/posts?tags=techwear,/wiki_pages/bonnivier_pranaja?z=2
https://danbooru.donmai.us/posts?tags=techwear,/posts?tags=bonnivier_pranaja&z=2
https://danbooru.donmai.us/posts?tags=techwear,/wiki_pages/see-through_mask?z=2
https://danbooru.donmai.us/posts?tags=techwear,/posts?tags=see-through_mask&z=2
https://danbooru.donmai.us/posts?tags=techwear,/artists/show_or_new?name=haonfest&z=2
https://danbooru.donmai.us/posts?tags=techwear,/posts?tags=haonfest&z=2
https://danbooru.donmai.us/posts?tags=techwear,/wiki_pages/velcro?z=2
https://danbooru.donmai.us/posts?tags=techwear,/posts?tags=velcro&z=2
https://danbooru.donmai.us/posts?tags=techwear,/artists/show_or_new?name=anonymous_%28nijisanji%29&z=2
https://danbooru.donmai.us/posts?tags=techwear,/posts?tags=anonymous_%28nijisanji%29&z=2
https://danbooru.donmai.us/posts?tags=techwear,/wiki_pages/type_56-1_(girls'_frontline)?z=2
https://danbooru.donmai.us/posts?tags=techwear,/posts?tags=type_56-1_%28girls%27_frontline%29&z=2
https://danbooru.donmai.us/posts?tags=techwear,/wiki_pages/bubble_wrap?z=2
https://danbooru.donmai.us/posts?tags=techwear,/posts?tags=bubble_wrap&z=2
https://danbooru.donmai.us/posts?tags=techwear,/wiki_pages/soundwave_(transformers)?z=2
https://danbooru.donmai.us/posts?tags=techwear,/posts?tags=soundwave_%28transformers%29&z=2
https://danbooru.donmai.us/posts?tags=techwear,/wiki_pages/keishi_(shining_star)?z=2
https://danbooru.donmai.us/posts?tags=techwear,/posts?tags=keishi_%28shining_star%29&z=2
https://danbooru.donmai.us/posts?tags=techwear,/wiki_pages/project_luminasys?z=2
https://danbooru.donmai.us/posts?tags=techwear,/posts?tags=project_luminasys&z=2
https://danbooru.donmai.us/posts?tags=techwear,/artists/show_or_new?name=ohisashiburi&z=2
https://danbooru.donmai.us/posts?tags=techwear,/posts?tags=ohisashiburi&z=2
https://danbooru.donmai.us/posts?tags=techwear,/artists/show_or_new?name=remimim&z=2
https://danbooru.donmai.us/posts?tags=techwear,/posts?tags=remimim&z=2
https://danbooru.donmai.us/posts?tags=techwear,/artists/show_or_new?name=cancer_%28zjcconan%29&z=2
https://danbooru.donmai.us/posts?tags=techwear,/posts?tags=cancer_%28zjcconan%29&z=2
https://danbooru.donmai.us/posts?tags=techwear,/wiki_pages/shining_star?z=2
https://danbooru.donmai.us/posts?tags=techwear,/posts?tags=shining_star&z=2
https://danbooru.donmai.us/posts?tags=techwear,/wiki_pages/snap-fit_buckle?z=2
https://danbooru.donmai.us/posts?tags=techwear,/posts?tags=snap-fit_buckle&z=2
https://danbooru.donmai.us/posts?tags=techwear,/wiki_pages/sig_516?z=2
https://danbooru.donmai.us/posts?tags=techwear,/posts?tags=sig_516&z=2
https://danbooru.donmai.us/posts?tags=techwear,#
https://danbooru.donmai.us/posts?tags=techwear,/wiki_pages/techwear
https://danbooru.donmai.us/posts?tags=techwear,#search-box
https://danbooru.donmai.us/posts?tags=techwear,javascript:void(0)
https://danbooru.donmai.us/posts?tags=techwear,javascript:void(0)
https://danbooru.donmai.us/posts?tags=techwear,https://www.pixiv.net/tags/%E3%83%86%E3%83%83%E3%82%AF%E3%82%A6%E3%82%A7%E3%82%A2/artworks
https://danbooru.donmai.us/posts?tags=techwear,/wiki_pages/monochrome
https://danbooru.donmai.us/posts?tags=techwear,/wiki_pages/pocket
https://danbooru.donmai.us/posts?tags=techwear,/wiki_pages/zipper
https://danbooru.donmai.us/posts?tags=techwear,/wiki_pages/strap
https://danbooru.donmai.us/posts?tags=techwear,/wiki_pages/techwear
https://danbooru.donmai.us/posts?tags=techwear,/posts/6166530?q=techwear
https://danbooru.donmai.us/posts?tags=techwear,/posts/6145951?q=techwear
https://danbooru.donmai.us/posts?tags=techwear,/posts/6139702?q=techwear
https://danbooru.donmai.us/posts?tags=techwear,/posts/6127750?q=techwear
https://danbooru.donmai.us/posts?tags=techwear,/posts/6094141?q=techwear
https://danbooru.donmai.us/posts?tags=techwear,/posts/6017487?q=techwear
https://danbooru.donmai.us/posts?tags=techwear,/posts/5993977?q=techwear
https://danbooru.donmai.us/posts?tags=techwear,/posts/5988274?q=techwear
https://danbooru.donmai.us/posts?tags=techwear,/posts/5988273?q=techwear
https://danbooru.donmai.us/posts?tags=techwear,/posts/5970376?q=techwear
https://danbooru.donmai.us/posts?tags=techwear,/posts/5967405?q=techwear
https://danbooru.donmai.us/posts?tags=techwear,/posts/5914477?q=techwear
https://danbooru.donmai.us/posts?tags=techwear,/posts/5890160?q=techwear
https://danbooru.donmai.us/posts?tags=techwear,/posts/5877508?q=techwear
https://danbooru.donmai.us/posts?tags=techwear,/posts/5871504?q=techwear
https://danbooru.donmai.us/posts?tags=techwear,/posts/5871502?q=techwear
https://danbooru.donmai.us/posts?tags=techwear,/posts/5871501?q=techwear
https://danbooru.donmai.us/posts?tags=techwear,/posts/5713154?q=techwear
https://danbooru.donmai.us/posts?tags=techwear,/posts?page=2&tags=techwear
https://danbooru.donmai.us/posts?tags=techwear,/posts?page=3&tags=techwear
https://danbooru.donmai.us/posts?tags=techwear,/posts?page=2&tags=techwear
https://danbooru.donmai.us/posts?tags=techwear,/posts/6166530?q=techwear
https://danbooru.donmai.us/posts?tags=techwear,/posts/6145951?q=techwear
https://danbooru.donmai.us/posts?tags=techwear,/posts/6139702?q=techwear
https://danbooru.donmai.us/posts?tags=techwear,/posts/6127750?q=techwear
https://danbooru.donmai.us/posts?tags=techwear,/posts/6094141?q=techwear
https://danbooru.donmai.us/posts?tags=techwear,/posts/6017487?q=techwear
https://danbooru.donmai.us/posts?tags=techwear,/posts/5993977?q=techwear
https://danbooru.donmai.us/posts?tags=techwear,/posts/5988274?q=techwear
https://danbooru.donmai.us/posts?tags=techwear,/posts/5988273?q=techwear
https://danbooru.donmai.us/posts?tags=techwear,/posts/5970376?q=techwear
https://danbooru.donmai.us/posts?tags=techwear,/posts/5967405?q=techwear
https://danbooru.donmai.us/posts?tags=techwear,/posts/5914477?q=techwear
https://danbooru.donmai.us/posts?tags=techwear,/posts/5890160?q=techwear
https://danbooru.donmai.us/posts?tags=techwear,/posts/5877508?q=techwear
https://danbooru.donmai.us/posts?tags=techwear,/posts/5871504?q=techwear
https://danbooru.donmai.us/posts?tags=techwear,/posts/5871502?q=techwear
https://danbooru.donmai.us/posts?tags=techwear,/posts/5871501?q=techwear
https://danbooru.donmai.us/posts?tags=techwear,/posts/5713154?q=techwear
https://danbooru.donmai.us/posts?tags=techwear,/posts?page=2&tags=techwear
https://danbooru.donmai.us/posts?tags=techwear,/posts?page=3&tags=techwear
https://danbooru.donmai.us/posts?tags=techwear,/posts?page=2&tags=techwear
https://lithiumagazine.com/2020/08/29/streetwear-and-its-roots-in-black-culture/,https://lithiumagazine.com/2020/08/29/streetwear-and-its-roots-in-black-culture/#comment-70
https://lithiumagazine.com/2020/08/29/streetwear-and-its-roots-in-black-culture/,https://lithiumagazine.com/2020/08/29/streetwear-and-its-roots-in-black-culture/#comment-71
https://lithiumagazine.com/2020/08/29/streetwear-and-its-roots-in-black-culture/,https://lithiumagazine.com/2020/08/29/streetwear-and-its-roots-in-black-culture/#comment-73
https://lithiumagazine.com/2020/08/29/streetwear-and-its-roots-in-black-culture/,https://lithiumagazine.com/2020/08/29/streetwear-and-its-roots-in-black-culture/#comment-79
https://lithiumagazine.com/2020/08/29/streetwear-and-its-roots-in-black-culture/,https://lithiumagazine.com/2020/08/29/streetwear-and-its-roots-in-black-culture/#comment-124
https://www.thewholeworldisaplayground.com/best-things-to-do-in-harajuku/,https://www.thewholeworldisaplayground.com/things-to-do-in-palermo/
https://www.thewholeworldisaplayground.com/best-things-to-do-in-harajuku/,https://www.thewholeworldisaplayground.com/things-to-do-yucatan-mexico/
https://www.thewholeworldisaplayground.com/best-things-to-do-in-harajuku/,https://www.thewholeworldisaplayground.com/best-things-to-do-in-portland-oregon/
https://www.thewholeworldisaplayground.com/best-things-to-do-in-harajuku/,https://www.thewholeworldisaplayground.com/best-things-to-do-in-holbox/
https://www.thewholeworldisaplayground.com/best-things-to-do-in-harajuku/,https://www.thewholeworldisaplayground.com/best-instagram-spots-austin/
https://www.thewholeworldisaplayground.com/best-things-to-do-in-harajuku/,https://www.thewholeworldisaplayground.com/things-to-do-in-palermo/
https://www.thewholeworldisaplayground.com/best-things-to-do-in-harajuku/,https://www.thewholeworldisaplayground.com/things-to-do-yucatan-mexico/
https://www.thewholeworldisaplayground.com/best-things-to-do-in-harajuku/,https://www.thewholeworldisaplayground.com/best-things-to-do-in-portland-oregon/
https://www.thewholeworldisaplayground.com/best-things-to-do-in-harajuku/,https://www.thewholeworldisaplayground.com/best-things-to-do-in-holbox/
https://www.thewholeworldisaplayground.com/best-things-to-do-in-harajuku/,https://www.thewholeworldisaplayground.com/best-instagram-spots-austin/
https://margaretcho.com/2005/10/31/harajuku-girls/,https://margaretcho.com/2005/10/31/harajuku-girls/comment-page-1/#comments
https://margaretcho.com/2005/10/31/harajuku-girls/,https://margaretcho.com/2005/10/31/harajuku-girls/comment-page-2/#comment-106876
https://margaretcho.com/2005/10/31/harajuku-girls/,https://margaretcho.com/2005/10/31/harajuku-girls/comment-page-2/#comment-106880
https://margaretcho.com/2005/10/31/harajuku-girls/,https://margaretcho.com/2005/10/31/harajuku-girls/comment-page-2/#comment-106882
https://margaretcho.com/2005/10/31/harajuku-girls/,https://margaretcho.com/2005/10/31/harajuku-girls/comment-page-2/#comment-106886
https://margaretcho.com/2005/10/31/harajuku-girls/,https://margaretcho.com/2005/10/31/harajuku-girls/comment-page-2/#comment-106877
https://margaretcho.com/2005/10/31/harajuku-girls/,https://margaretcho.com/2005/10/31/harajuku-girls/comment-page-2/#comment-106878
https://margaretcho.com/2005/10/31/harajuku-girls/,https://margaretcho.com/2005/10/31/harajuku-girls/comment-page-2/#comment-106879
https://margaretcho.com/2005/10/31/harajuku-girls/,https://margaretcho.com/2005/10/31/harajuku-girls/comment-page-2/#comment-106881
https://margaretcho.com/2005/10/31/harajuku-girls/,https://margaretcho.com/2005/10/31/harajuku-girls/comment-page-2/#comment-106883
https://margaretcho.com/2005/10/31/harajuku-girls/,https://margaretcho.com/2005/10/31/harajuku-girls/comment-page-2/#comment-106884
https://margaretcho.com/2005/10/31/harajuku-girls/,https://margaretcho.com/2005/10/31/harajuku-girls/comment-page-2/#comment-107469
https://margaretcho.com/2005/10/31/harajuku-girls/,https://margaretcho.com/2005/10/31/harajuku-girls/comment-page-2/#comment-106885
https://margaretcho.com/2005/10/31/harajuku-girls/,https://margaretcho.com/2005/10/31/harajuku-girls/comment-page-2/#comment-106887
https://margaretcho.com/2005/10/31/harajuku-girls/,https://margaretcho.com/2005/10/31/harajuku-girls/comment-page-2/#comment-106891
https://margaretcho.com/2005/10/31/harajuku-girls/,https://margaretcho.com/2005/10/31/harajuku-girls/comment-page-1/#comments
https://freddysharajuku.com/,https://freddysharajuku.com/2023/04/19/sticky-toffee-cinnabon-loaves/
https://freddysharajuku.com/,https://freddysharajuku.com/2023/04/19/sticky-toffee-cinnabon-loaves/
https://freddysharajuku.com/,https://freddysharajuku.com/2023/04/19/sticky-toffee-cinnabon-loaves/
https://freddysharajuku.com/,https://freddysharajuku.com/2023/04/17/super-soft-mango-mochi/
https://freddysharajuku.com/,https://freddysharajuku.com/2023/04/17/super-soft-mango-mochi/
https://freddysharajuku.com/,https://freddysharajuku.com/2023/04/17/super-soft-mango-mochi/
https://freddysharajuku.com/,https://freddysharajuku.com/2023/04/14/egg-sandwiches-with-homemade-milk-bread/
https://freddysharajuku.com/,https://freddysharajuku.com/2023/04/14/egg-sandwiches-with-homemade-milk-bread/
https://freddysharajuku.com/,https://freddysharajuku.com/2023/04/14/egg-sandwiches-with-homemade-milk-bread/
https://freddysharajuku.com/,https://freddysharajuku.com/2023/04/12/lu-rou-fan-rice-bowls/
https://freddysharajuku.com/,https://freddysharajuku.com/2023/04/12/lu-rou-fan-rice-bowls/
https://freddysharajuku.com/,https://freddysharajuku.com/2023/04/12/lu-rou-fan-rice-bowls/
https://freddysharajuku.com/,https://freddysharajuku.com/2023/04/07/coconut-bunny-cookies/
https://freddysharajuku.com/,https://freddysharajuku.com/2023/04/07/coconut-bunny-cookies/
https://freddysharajuku.com/,https://freddysharajuku.com/2023/04/07/coconut-bunny-cookies/
https://freddysharajuku.com/,https://freddysharajuku.com/2023/04/05/snow-bunny-dango/
https://freddysharajuku.com/,https://freddysharajuku.com/2023/04/05/snow-bunny-dango/
https://freddysharajuku.com/,https://freddysharajuku.com/2023/04/05/snow-bunny-dango/
https://freddysharajuku.com/,https://freddysharajuku.com/2023/04/03/sesame-checkerboard-bunnies/
https://freddysharajuku.com/,https://freddysharajuku.com/2023/04/03/sesame-checkerboard-bunnies/
https://freddysharajuku.com/,https://freddysharajuku.com/2023/04/03/sesame-checkerboard-bunnies/
https://freddysharajuku.com/,https://freddysharajuku.com/2023/03/31/open-faced-pistachio-strawberry-tart/
https://freddysharajuku.com/,https://freddysharajuku.com/2023/03/31/open-faced-pistachio-strawberry-tart/
https://freddysharajuku.com/,https://freddysharajuku.com/2023/03/31/open-faced-pistachio-strawberry-tart/
https://freddysharajuku.com/,https://freddysharajuku.com/2023/03/27/yellow-chiffon-layer-cake-with-blonde-chocolate/
https://freddysharajuku.com/,https://freddysharajuku.com/2023/03/27/yellow-chiffon-layer-cake-with-blonde-chocolate/
https://freddysharajuku.com/,https://freddysharajuku.com/2023/03/27/yellow-chiffon-layer-cake-with-blonde-chocolate/
https://freddysharajuku.com/,https://freddysharajuku.com/2023/03/24/molten-nutella-chip-cookies/
https://freddysharajuku.com/,https://freddysharajuku.com/2023/03/24/molten-nutella-chip-cookies/
https://freddysharajuku.com/,https://freddysharajuku.com/2023/03/24/molten-nutella-chip-cookies/
https://freddysharajuku.com/,https://freddysharajuku.com/2023/03/22/matzoh-crack-rusks/
https://freddysharajuku.com/,https://freddysharajuku.com/2023/03/22/matzoh-crack-rusks/
https://freddysharajuku.com/,https://freddysharajuku.com/2023/03/22/matzoh-crack-rusks/
https://freddysharajuku.com/,https://freddysharajuku.com/2023/03/13/boozy-grasshopper-pie/
https://freddysharajuku.com/,https://freddysharajuku.com/2023/03/13/boozy-grasshopper-pie/
https://freddysharajuku.com/,https://freddysharajuku.com/2023/03/13/boozy-grasshopper-pie/
https://freddysharajuku.com/,https://freddysharajuku.com/2023/03/10/caviar-egg-tarts/
https://freddysharajuku.com/,https://freddysharajuku.com/2023/03/10/caviar-egg-tarts/
https://freddysharajuku.com/,https://freddysharajuku.com/2023/03/10/caviar-egg-tarts/
https://freddysharajuku.com/,https://freddysharajuku.com/2023/03/08/matcha-namelaka-mille-feuille/
https://freddysharajuku.com/,https://freddysharajuku.com/2023/03/08/matcha-namelaka-mille-feuille/
https://freddysharajuku.com/,https://freddysharajuku.com/2023/03/08/matcha-namelaka-mille-feuille/
https://freddysharajuku.com/,https://freddysharajuku.com/2023/03/06/matcha-kokedamamoss-balls/
https://freddysharajuku.com/,https://freddysharajuku.com/2023/03/06/matcha-kokedamamoss-balls/
https://freddysharajuku.com/,https://freddysharajuku.com/2023/03/06/matcha-kokedamamoss-balls/
https://freddysharajuku.com/,https://freddysharajuku.com/2023/03/03/chocolate-silk-pie/
https://freddysharajuku.com/,https://freddysharajuku.com/2023/03/03/chocolate-silk-pie/
https://freddysharajuku.com/,https://freddysharajuku.com/2023/03/03/chocolate-silk-pie/
https://freddysharajuku.com/,https://freddysharajuku.com/2023/02/27/chocolate-orange-cream-chiffon-sandwiches/
https://freddysharajuku.com/,https://freddysharajuku.com/2023/02/27/chocolate-orange-cream-chiffon-sandwiches/
https://freddysharajuku.com/,https://freddysharajuku.com/2023/02/27/chocolate-orange-cream-chiffon-sandwiches/
https://freddysharajuku.com/,https://freddysharajuku.com/2023/02/24/banana-cream-puffs/
https://freddysharajuku.com/,https://freddysharajuku.com/2023/02/24/banana-cream-puffs/
https://freddysharajuku.com/,https://freddysharajuku.com/2023/02/24/banana-cream-puffs/
https://freddysharajuku.com/,https://freddysharajuku.com/2023/02/22/sticky-miso-toffee-pudding-with-cardamom-ice-cream/
https://freddysharajuku.com/,https://freddysharajuku.com/2023/02/22/sticky-miso-toffee-pudding-with-cardamom-ice-cream/
https://freddysharajuku.com/,https://freddysharajuku.com/2023/02/22/sticky-miso-toffee-pudding-with-cardamom-ice-cream/
https://freddysharajuku.com/,https://freddysharajuku.com/2023/02/20/raspberry-tea-ramisu-chiffon-sandwiches/
https://freddysharajuku.com/,https://freddysharajuku.com/2023/02/20/raspberry-tea-ramisu-chiffon-sandwiches/
https://freddysharajuku.com/,https://freddysharajuku.com/2023/02/20/raspberry-tea-ramisu-chiffon-sandwiches/
https://voyapon.com/harajuku-kawaii-culture/,https://voyapon.com/yokohama-livable-city-japan/
https://voyapon.com/harajuku-kawaii-culture/,https://voyapon.com/yamanashi-gourmet-game-wine-whisky/
https://voyapon.com/harajuku-kawaii-culture/,https://voyapon.com/yamanashi-spiritual-journey-mountains/
https://voyapon.com/harajuku-kawaii-culture/,https://voyapon.com/yamanashi-mindful-outdoors-yoga/
https://voyapon.com/harajuku-kawaii-culture/,https://voyapon.com/yamanashi-best-outdoor-adventure/
https://travelswithnano.com/2016/03/20/tokyo-guide-harajuku-street-fashion-pop-culture-cosplay/,http://travelswithnano.com/2019/01/15/9-reasons-why-you-must-visit-japan/
https://travelswithnano.com/2016/03/20/tokyo-guide-harajuku-street-fashion-pop-culture-cosplay/,https://travelswithnano.com/2016/03/20/tokyo-guide-harajuku-street-fashion-pop-culture-cosplay/#comment-3392
https://travelswithnano.com/2016/03/20/tokyo-guide-harajuku-street-fashion-pop-culture-cosplay/,https://travelswithnano.com/2016/03/20/tokyo-guide-harajuku-street-fashion-pop-culture-cosplay/#comment-3504
https://travelswithnano.com/2016/03/20/tokyo-guide-harajuku-street-fashion-pop-culture-cosplay/,https://travelswithnano.com/2016/03/20/tokyo-guide-harajuku-street-fashion-pop-culture-cosplay/#comment-2043
https://travelswithnano.com/2016/03/20/tokyo-guide-harajuku-street-fashion-pop-culture-cosplay/,https://travelswithnano.com/2016/03/20/tokyo-guide-harajuku-street-fashion-pop-culture-cosplay/#comment-2095
https://travelswithnano.com/2016/03/20/tokyo-guide-harajuku-street-fashion-pop-culture-cosplay/,https://travelswithnano.com/2016/03/20/tokyo-guide-harajuku-street-fashion-pop-culture-cosplay/#comment-2114
https://travelswithnano.com/2016/03/20/tokyo-guide-harajuku-street-fashion-pop-culture-cosplay/,https://travelswithnano.com/2016/03/20/tokyo-guide-harajuku-street-fashion-pop-culture-cosplay/#comment-331
https://travelswithnano.com/2016/03/20/tokyo-guide-harajuku-street-fashion-pop-culture-cosplay/,https://travelswithnano.com/2016/03/20/tokyo-guide-harajuku-street-fashion-pop-culture-cosplay/#comment-333
https://travelswithnano.com/2016/03/20/tokyo-guide-harajuku-street-fashion-pop-culture-cosplay/,https://travelswithnano.com/2016/05/29/kyoto-guide-nishiki-market-tour/
https://travelswithnano.com/2016/03/20/tokyo-guide-harajuku-street-fashion-pop-culture-cosplay/,https://travelswithnano.com/2016/05/29/kyoto-guide-nishiki-market-tour/
https://travelswithnano.com/2016/03/20/tokyo-guide-harajuku-street-fashion-pop-culture-cosplay/,https://travelswithnano.com/2016/02/29/sweet-walk-along-nakamise-dori-in-asakusa/
https://travelswithnano.com/2016/03/20/tokyo-guide-harajuku-street-fashion-pop-culture-cosplay/,https://travelswithnano.com/2016/02/29/sweet-walk-along-nakamise-dori-in-asakusa/
https://travelswithnano.com/2016/03/20/tokyo-guide-harajuku-street-fashion-pop-culture-cosplay/,https://travelswithnano.com/2018/05/08/best-tokyo-cafes-tayori-yanaka/
https://travelswithnano.com/2016/03/20/tokyo-guide-harajuku-street-fashion-pop-culture-cosplay/,https://travelswithnano.com/2018/05/08/best-tokyo-cafes-tayori-yanaka/
https://travelswithnano.com/2016/03/20/tokyo-guide-harajuku-street-fashion-pop-culture-cosplay/,https://travelswithnano.com/2016/03/20/tokyo-guide-harajuku-street-fashion-pop-culture-cosplay/
https://travelswithnano.com/2016/03/20/tokyo-guide-harajuku-street-fashion-pop-culture-cosplay/,https://travelswithnano.com/2016/03/20/tokyo-guide-harajuku-street-fashion-pop-culture-cosplay/
https://travelswithnano.com/2016/03/20/tokyo-guide-harajuku-street-fashion-pop-culture-cosplay/,https://travelswithnano.com/2016/07/21/day-trip-to-himeji-castle-kobe/
https://travelswithnano.com/2016/03/20/tokyo-guide-harajuku-street-fashion-pop-culture-cosplay/,https://travelswithnano.com/2016/07/21/day-trip-to-himeji-castle-kobe/
https://www.intrepidscout.com/shibuya-and-harajuku-tokyo-1-day-walking-tour-itinerary/,https://www.intrepidscout.com/things-to-do-machu-picchu/
https://www.intrepidscout.com/shibuya-and-harajuku-tokyo-1-day-walking-tour-itinerary/,https://www.intrepidscout.com/how-get-machu-picchu-train/
https://www.intrepidscout.com/shibuya-and-harajuku-tokyo-1-day-walking-tour-itinerary/,https://www.intrepidscout.com/visit-valley-kings-luxor-egypt/
https://www.intrepidscout.com/shibuya-and-harajuku-tokyo-1-day-walking-tour-itinerary/,https://www.intrepidscout.com/hot-air-balloon-ride-luxor-egypt/
https://www.intrepidscout.com/shibuya-and-harajuku-tokyo-1-day-walking-tour-itinerary/,https://www.intrepidscout.com/hiking-machu-picchu-aguas-calientes/
https://rtalsoriangames.com/cyberpunk/,#respond
https://rtalsoriangames.com/cyberpunk/,https://rtalsoriangames.com/cyberpunk/#comment-486
https://rtalsoriangames.com/cyberpunk/,https://rtalsoriangames.com/cyberpunk/#comment-498
https://rtalsoriangames.com/cyberpunk/,https://rtalsoriangames.com/cyberpunk/#comment-604
https://rtalsoriangames.com/cyberpunk/,https://rtalsoriangames.com/cyberpunk/#comment-737
https://rtalsoriangames.com/cyberpunk/,https://rtalsoriangames.com/cyberpunk/#comment-2294
https://rtalsoriangames.com/cyberpunk/,https://rtalsoriangames.com/cyberpunk/#comment-2296
https://rtalsoriangames.com/cyberpunk/,https://rtalsoriangames.com/cyberpunk/#comment-2741
https://rtalsoriangames.com/cyberpunk/,https://rtalsoriangames.com/cyberpunk/#comment-2744
https://rtalsoriangames.com/cyberpunk/,https://rtalsoriangames.com/cyberpunk/#comment-2908
https://rtalsoriangames.com/cyberpunk/,https://rtalsoriangames.com/cyberpunk/#comment-2910
https://rtalsoriangames.com/cyberpunk/,https://rtalsoriangames.com/2018/10/13/from-the-screamsheets-10-13-2018/
https://rtalsoriangames.com/cyberpunk/,https://rtalsoriangames.com/cyberpunk/#comment-2963
https://rtalsoriangames.com/cyberpunk/,https://rtalsoriangames.com/cyberpunk/#comment-2964
https://rtalsoriangames.com/cyberpunk/,https://rtalsoriangames.com/2018/11/10/we-need-your-questions/
https://rtalsoriangames.com/cyberpunk/,https://rtalsoriangames.com/cyberpunk/#comment-2981
https://rtalsoriangames.com/cyberpunk/,https://rtalsoriangames.com/cyberpunk/#comment-2983
https://rtalsoriangames.com/cyberpunk/,https://rtalsoriangames.com/cyberpunk/#comment-2982
https://rtalsoriangames.com/cyberpunk/,https://rtalsoriangames.com/cyberpunk/#comment-2984
https://rtalsoriangames.com/cyberpunk/,https://rtalsoriangames.com/cyberpunk/#comment-3102
https://rtalsoriangames.com/cyberpunk/,https://rtalsoriangames.com/cyberpunk/#comment-3112
https://rtalsoriangames.com/cyberpunk/,https://rtalsoriangames.com/cyberpunk/#comment-3114
https://rtalsoriangames.com/cyberpunk/,https://rtalsoriangames.com/cyberpunk/#comment-3116
https://rtalsoriangames.com/cyberpunk/,https://rtalsoriangames.com/cyberpunk/#comment-3273
https://rtalsoriangames.com/cyberpunk/,https://rtalsoriangames.com/cyberpunk/#comment-3274
https://rtalsoriangames.com/cyberpunk/,https://rtalsoriangames.com/cyberpunk/#comment-3308
https://rtalsoriangames.com/cyberpunk/,https://rtalsoriangames.com/cyberpunk/#comment-3311
https://rtalsoriangames.com/cyberpunk/,https://rtalsoriangames.com/cyberpunk/#comment-3478
https://rtalsoriangames.com/cyberpunk/,https://rtalsoriangames.com/cyberpunk/#comment-3480
https://rtalsoriangames.com/cyberpunk/,https://rtalsoriangames.com/cyberpunk/#comment-3483
https://rtalsoriangames.com/cyberpunk/,https://rtalsoriangames.com/cyberpunk/#comment-3484
https://rtalsoriangames.com/cyberpunk/,https://rtalsoriangames.com/cyberpunk/#comment-3486
https://rtalsoriangames.com/cyberpunk/,https://rtalsoriangames.com/cyberpunk/#comment-3499
https://rtalsoriangames.com/cyberpunk/,https://rtalsoriangames.com/cyberpunk/#comment-3496
https://rtalsoriangames.com/cyberpunk/,https://rtalsoriangames.com/cyberpunk/#comment-3498
https://rtalsoriangames.com/cyberpunk/,https://rtalsoriangames.com/cyberpunk/#comment-3533
https://rtalsoriangames.com/cyberpunk/,https://rtalsoriangames.com/cyberpunk/#comment-3534
https://rtalsoriangames.com/cyberpunk/,https://rtalsoriangames.com/cyberpunk/#comment-3564
https://rtalsoriangames.com/cyberpunk/,https://rtalsoriangames.com/cyberpunk/#comment-3568
https://rtalsoriangames.com/cyberpunk/,https://rtalsoriangames.com/cyberpunk/#comment-3616
https://rtalsoriangames.com/cyberpunk/,https://rtalsoriangames.com/cyberpunk/#comment-3617
https://rtalsoriangames.com/cyberpunk/,https://rtalsoriangames.com/cyberpunk/#comment-3672
https://rtalsoriangames.com/cyberpunk/,https://rtalsoriangames.com/cyberpunk/#comment-3675
https://rtalsoriangames.com/cyberpunk/,https://rtalsoriangames.com/cyberpunk/#comment-3680
https://rtalsoriangames.com/cyberpunk/,https://rtalsoriangames.com/cyberpunk/#comment-3874
https://rtalsoriangames.com/cyberpunk/,https://rtalsoriangames.com/cyberpunk/#comment-3879
https://rtalsoriangames.com/cyberpunk/,https://rtalsoriangames.com/cyberpunk/#comment-3883
https://rtalsoriangames.com/cyberpunk/,https://rtalsoriangames.com/cyberpunk/#comment-3884
https://rtalsoriangames.com/cyberpunk/,https://rtalsoriangames.com/cyberpunk/#comment-3919
https://rtalsoriangames.com/cyberpunk/,https://rtalsoriangames.com/cyberpunk/#comment-3931
https://rtalsoriangames.com/cyberpunk/,https://rtalsoriangames.com/cyberpunk/#comment-4081
https://rtalsoriangames.com/cyberpunk/,https://rtalsoriangames.com/cyberpunk/#comment-4086
https://rtalsoriangames.com/cyberpunk/,https://rtalsoriangames.com/cyberpunk/#comment-4088
https://rtalsoriangames.com/cyberpunk/,https://rtalsoriangames.com/cyberpunk/#comment-4119
https://rtalsoriangames.com/cyberpunk/,https://rtalsoriangames.com/cyberpunk/#comment-4120
https://rtalsoriangames.com/cyberpunk/,https://rtalsoriangames.com/cyberpunk/#comment-4123
https://rtalsoriangames.com/cyberpunk/,https://rtalsoriangames.com/cyberpunk/#comment-4121
https://rtalsoriangames.com/cyberpunk/,https://rtalsoriangames.com/cyberpunk/#comment-4122
https://rtalsoriangames.com/cyberpunk/,https://rtalsoriangames.com/cyberpunk/#comment-4142
https://rtalsoriangames.com/cyberpunk/,https://rtalsoriangames.com/cyberpunk/#comment-4155
https://rtalsoriangames.com/cyberpunk/,https://rtalsoriangames.com/cyberpunk/#comment-4150
https://rtalsoriangames.com/cyberpunk/,https://rtalsoriangames.com/cyberpunk/#comment-4153
https://rtalsoriangames.com/cyberpunk/,https://rtalsoriangames.com/cyberpunk/#comment-4184
https://rtalsoriangames.com/cyberpunk/,https://rtalsoriangames.com/cyberpunk/#comment-4188
https://rtalsoriangames.com/cyberpunk/,https://rtalsoriangames.com/cyberpunk/#comment-4186
https://rtalsoriangames.com/cyberpunk/,https://rtalsoriangames.com/cyberpunk/#comment-4235
https://steamcommunity.com/app/1091500/discussions/,https://steamcommunity.com/app/1091500/discussions/0/3275814396762307120/
https://steamcommunity.com/app/1091500/discussions/,https://steamcommunity.com/app/1091500/discussions/0/2569816128925255949/
https://steamcommunity.com/app/1091500/discussions/,https://steamcommunity.com/app/1091500/discussions/0/2564160288792258566/
https://steamcommunity.com/app/1091500/discussions/,https://steamcommunity.com/app/1091500/discussions/0/4477106086848839997/
https://steamcommunity.com/app/1091500/discussions/,https://steamcommunity.com/app/1091500/discussions/0/2966147052004297510/
https://steamcommunity.com/app/1091500/discussions/,https://steamcommunity.com/app/1091500/discussions/0/3825287408046510172/
https://steamcommunity.com/app/1091500/discussions/,https://steamcommunity.com/app/1091500/discussions/0/3825287408046564340/
https://steamcommunity.com/app/1091500/discussions/,https://steamcommunity.com/app/1091500/discussions/0/6363065234133316982/
https://steamcommunity.com/app/1091500/discussions/,https://steamcommunity.com/app/1091500/discussions/0/6363065234128312781/
https://steamcommunity.com/app/1091500/discussions/,https://steamcommunity.com/app/1091500/discussions/0/6363065234140843168/
https://steamcommunity.com/app/1091500/discussions/,https://steamcommunity.com/app/1091500/discussions/0/3825287408046298131/
https://steamcommunity.com/app/1091500/discussions/,https://steamcommunity.com/app/1091500/discussions/0/6363065234136221398/
https://steamcommunity.com/app/1091500/discussions/,https://steamcommunity.com/app/1091500/discussions/0/3825287408045981670/
https://steamcommunity.com/app/1091500/discussions/,https://steamcommunity.com/app/1091500/discussions/0/6363065234138342651/
https://steamcommunity.com/app/1091500/discussions/,https://steamcommunity.com/app/1091500/discussions/0/3825287408045890037/
https://www.txdmv.gov:443/motorists/for-our-troops,/how-do-i-motorists/avoid-buying-a-stolen-vehicle
https://www.txdmv.gov:443/motorists/for-our-troops,/motorists/consumer-protection/lemon-law
https://www.txdmv.gov:443/motorists/for-our-troops,/motorists/consumer-protection/dont-make-a-move
https://www.txdmv.gov:443/motorists/for-our-troops,/motorists/buying-or-selling-a-vehicle/get-a-copy-of-your-title
https://www.txdmv.gov:443/motorists/for-our-troops,/reports-and-data/open-records-request
https://www.txdmv.gov:443/motorists/for-our-troops,https://webdealer.txdmv.gov/title/publicVehicleTransfer
https://www.txdmv.gov:443/motorists/for-our-troops,/motorists/register-your-vehicle
https://www.txdmv.gov:443/motorists/for-our-troops,/motorists/license-plates
https://www.txdmv.gov:443/motorists/for-our-troops,/how-do-i-motorists/avoid-buying-a-stolen-vehicle
https://www.txdmv.gov:443/motorists/for-our-troops,/motorists/consumer-protection/lemon-law
https://www.txdmv.gov:443/motorists/for-our-troops,/motorists/consumer-protection/dont-make-a-move
https://www.txdmv.gov:443/motorists/for-our-troops,/motorists/buying-or-selling-a-vehicle/get-a-copy-of-your-title
https://www.txdmv.gov:443/motorists/for-our-troops,/reports-and-data/open-records-request
https://www.txdmv.gov:443/motorists/for-our-troops,https://webdealer.txdmv.gov/title/publicVehicleTransfer
https://www.txdmv.gov:443/motorists/for-our-troops,/motorists/register-your-vehicle
https://www.txdmv.gov:443/motorists/for-our-troops,/motorists/license-plates
https://architecturestyles.org/gothic-revival/,https://architecturestyles.org/gothic-revival/#comment-10222
https://architecturestyles.org/gothic-revival/,https://architecturestyles.org/gothic-revival/#comment-13959
https://architecturestyles.org/gothic-revival/,https://architecturestyles.org/gothic-revival/#comment-17125
https://architecturestyles.org/gothic-revival/,#comment-form-guest
https://architecturestyles.org/gothic-revival/,#comment-form-load-service:WordPress.com
https://architecturestyles.org/gothic-revival/,#comment-form-load-service:Twitter
https://architecturestyles.org/gothic-revival/,#comment-form-load-service:Facebook
https://architecturestyles.org/gothic-revival/,https://gravatar.com/site/signup/
https://architecturestyles.org/gothic-revival/,javascript:HighlanderComments.doExternalLogout( 'wordpress' );
https://architecturestyles.org/gothic-revival/,#
https://architecturestyles.org/gothic-revival/,javascript:HighlanderComments.doExternalLogout( 'twitter' );
https://architecturestyles.org/gothic-revival/,#
https://architecturestyles.org/gothic-revival/,javascript:HighlanderComments.doExternalLogout( 'facebook' );
https://architecturestyles.org/gothic-revival/,#
https://architecturestyles.org/gothic-revival/,javascript:HighlanderComments.cancelExternalWindow();
https://architecturestyles.org/gothic-revival/,https://architecturestyles.org/2011/10/13/about-american-architectural-styles-an-introduction/
https://bodyartguru.com/scarlxrd-tattoos/,https://bodyartguru.com/tom-hardy-tattoos/
https://bodyartguru.com/scarlxrd-tattoos/,https://bodyartguru.com/tom-hardy-tattoos/
https://bodyartguru.com/scarlxrd-tattoos/,https://bodyartguru.com/chloe-veitch-tattoos/
https://bodyartguru.com/scarlxrd-tattoos/,https://bodyartguru.com/chloe-veitch-tattoos/
https://bodyartguru.com/scarlxrd-tattoos/,https://bodyartguru.com/rauw-alejandro-tattoos/
https://bodyartguru.com/scarlxrd-tattoos/,https://bodyartguru.com/rauw-alejandro-tattoos/
https://bodyartguru.com/scarlxrd-tattoos/,https://bodyartguru.com/lily-lane-tattoos/
https://bodyartguru.com/scarlxrd-tattoos/,https://bodyartguru.com/lily-lane-tattoos/
https://bodyartguru.com/scarlxrd-tattoos/,https://bodyartguru.com/solange-knowles-tattoos/
https://bodyartguru.com/scarlxrd-tattoos/,https://bodyartguru.com/solange-knowles-tattoos/
https://www.definitions.net/definition/scarlxrd,/definition/scarlxrd
https://www.definitions.net/definition/phonk,/definition/phonk
https://www.questionsdeclasses.org/ecoles-privees-hors-contrat-contre-l-ecole-publique/,https://www.questionsdeclasses.org/ecoles-privees-hors-contrat-contre-l-ecole-publique/#comment-922516
https://www.questionsdeclasses.org/ecoles-privees-hors-contrat-contre-l-ecole-publique/,https://www.questionsdeclasses.org/ecoles-privees-hors-contrat-contre-l-ecole-publique/#comment-922517
https://www.questionsdeclasses.org/ecoles-privees-hors-contrat-contre-l-ecole-publique/,https://www.questionsdeclasses.org/ecoles-privees-hors-contrat-contre-l-ecole-publique/#comment-922770
https://www.questionsdeclasses.org/ecoles-privees-hors-contrat-contre-l-ecole-publique/,https://www.questionsdeclasses.org/ecoles-privees-hors-contrat-contre-l-ecole-publique/#comment-922837
